{
    "best_params": {
        "learning_rate": 0.05,
        "max_depth": 5,
        "n_estimators": 100,
        "reg_alpha": 0.1,
        "reg_lambda": 10.0
    },
    "cv_rmse": 0.06635462802724475,
    "cv_mae": 0.01913527592674258
}